Team,Player
Richer N Em,@richer
Richer N Em,@h1m
Richer N Em,@smartomarcus
Richer N Em,@winn_enthusiast
Richer N Em,@pnd
Richer N Em,@member2
Richer N Em,@canes_
Richer N Em,@kaidenpickle3
Richer N Em,@kumingaszn
Whatsgrass,@cam_johnson
Whatsgrass,@fullofopps
Whatsgrass,@cobe
Whatsgrass,@trickyy
Whatsgrass,@mmf39
Whatsgrass,@papacoop
Whatsgrass,@jimmybucketsdagoat
Whatsgrass,@pritchard
Legends,@hopkins
Legends,@marcussasser25
Legends,@dragracer661
Legends,@raysfan2
Legends,@meth
Legends,@passionatesportsfan
Legends,@jeff_127
Legends,@seahawkswoolen
Legends,@mcsports07
Masdog N Em,@masdog2222
Masdog N Em,@ballingpm
Masdog N Em,@notkiddo
Masdog N Em,@noir
Masdog N Em,@brayden4
Masdog N Em,@zcamnewton
Masdog N Em,@bq
Masdog N Em,@fy
Masdog N Em,@zayo
Cobras,@aiden0220
Cobras,@wade
Cobras,@target
Cobras,@intriquid
Cobras,@metsxjets_
Cobras,@devonta
Cobras,@tatum
Cobras,@bobsburger
Cobras,@louseal
Cobras,@airbud
Cobras,@jayson
Burritos,@playexplainer
Burritos,@timeless
Burritos,@hoosier
Burritos,@trylq
Burritos,@trace
Burritos,@li.am
Burritos,@orl
Burritos,@volp3
Burritos,@chris
Illegals,@cjstroud777
Illegals,@murray
Illegals,@bigk
Illegals,@sampson
Illegals,@walmart
Illegals,@karty
Illegals,@zybl
Illegals,@am
Gus N Em,@bojack
Gus N Em,@koolaidman
Gus N Em,@tylrr
Gus N Em,@gus_edwards
Gus N Em,@ppenjoyer
Gus N Em,@poopybuttlover
Gus N Em,@usa
Gus N Em,@ejwise
Gus N Em,@member2580826uee
Gus N Em,@fanofsports
Bees,@pluto
Bees,@simplyhimm
Bees,@💦💦
Bees,@dos
Bees,@mpls
Bees,@etan22
Bees,@indie
Bees,@anardi2727
Bees,@panarinbread
Bees,@lebron33goat6
Enforcers,@mad
Enforcers,@jd5
Enforcers,@yvl
Enforcers,@member230193
Enforcers,@srbija
Enforcers,@therealsportsman
Enforcers,@delusionalbroncosfan
Enforcers,@member2580826uee
Enforcers,@usa
Enforcers,@koolaidman
Enforcers,@metsxjets_
Enforcers,@luca_
Chicken Nuggets,@zooch5
Chicken Nuggets,@doggy
Chicken Nuggets,@vikings
Chicken Nuggets,@theebaltimorian
Chicken Nuggets,@_mookiecookie_
Chicken Nuggets,@jocky
Chicken Nuggets,@donmattingly
Chicken Nuggets,@tk14
Chicken Nuggets,@yvl
Chicken Nuggets,@meth
Chicken Nuggets,@passionatesportsfan
ALEK Manoahs,@max
ALEK Manoahs,@holmesdale
ALEK Manoahs,@melatonin
ALEK Manoahs,@bryzzo_
ALEK Manoahs,@wisconszn
ALEK Manoahs,@shota_imanaga
ALEK Manoahs,@thereturnofzlo
